15,0,1,0,0,0,0,0,0,0,0,0,2,0,1,0,1,0,1,1,1,1,1,0,1,0,0,1,2,0,0,4,1,1,4
16,0,0,2,0,0,0,2,1,0,0,0,0,0,1,0,0,0,0,0,1,0,0,0,1,0,0,0,0,0,1,0,0,0,0
20,0,0,0,0,2,0,2,2,1,0,2,2,1,2,1,2,0,0,1,0,3,3,0,1,0,0,1,0,0,0,0,0,1,1
21,2,0,1,0,1,0,0,4,4,0,1,3,0,6,6,1,0,2,1,2,1,0,0,2,0,2,2,0,0,1,0,3,3,1
28,0,0,0,0,0,0,0,2,0,0,0,0,0,0,0,0,1,0,2,0,2,0,2,1,0,0,1,0,0,0,1,2,2,0
34,0,0,0,0,0,0,0,0,0,1,0,0,0,0,0,0,0,1,2,0,1,0,0,1,0,0,2,0,0,0,4,0,0,1
37,0,0,0,1,0,1,1,0,3,5,0,3,1,0,1,1,3,3,2,2,2,2,2,1,2,4,4,0,5,2,0,5,3,5
39,0,1,1,2,0,0,0,2,1,1,1,3,0,2,2,2,0,2,1,4,0,2,2,3,0,3,1,0,1,2,0,1,1,0
40,2,0,1,0,1,1,1,0,1,0,0,0,0,0,1,0,0,0,1,1,0,0,0,3,0,1,2,0,0,1,2,0,1,0
44,0,3,0,1,1,1,0,2,5,1,0,3,0,3,1,3,0,0,0,0,0,0,3,0,2,0,0,0,1,2,2,2,1,0
46,0,0,1,0,0,0,0,0,1,2,0,3,1,1,1,0,0,0,0,0,0,0,0,0,0,3,1,0,0,0,0,1,3,1
48,1,0,3,3,2,2,2,1,2,4,0,0,0,0,0,1,2,0,1,0,1,1,0,1,1,1,1,2,0,0,0,0,2,2
50,0,0,0,0,0,0,0,0,2,1,0,0,1,0,0,0,0,0,0,1,0,0,0,1,0,0,0,0,1,1,0,0,1,1
51,2,1,0,0,0,0,0,0,0,0,0,0,0,0,1,0,0,2,0,1,3,1,0,0,3,2,1,2,3,1,1,3,0,0
53,0,0,1,0,1,0,1,0,2,0,2,1,0,1,0,0,0,0,1,0,0,1,0,0,0,0,1,0,0,0,1,0,0,0
56,0,0,1,0,0,0,0,1,2,0,0,5,0,0,1,1,0,0,0,0,0,0,0,0,0,1,1,0,1,1,1,0,1,0
57,0,0,0,1,5,0,2,1,0,0,0,0,2,1,2,1,0,2,0,4,0,3,2,0,4,2,0,0,1,0,1,2,0,0
66,0,0,0,0,0,0,1,1,1,0,0,2,1,0,0,0,0,0,3,1,0,2,2,0,1,0,1,1,1,1,2,0,1,1
69,0,0,0,0,1,0,0,1,0,0,2,2,1,0,0,0,0,0,0,0,2,1,0,0,0,0,0,0,0,0,1,0,1,2
110,0,0,0,0,0,0,1,1,1,1,0,1,1,2,0,0,0,1,1,1,1,0,0,0,0,1,0,1,0,1,1,1,0,0
113,0,0,3,0,1,0,1,0,0,0,4,0,1,0,0,0,0,0,1,0,0,0,0,0,0,0,0,1,0,1,0,0,1,0
115,1,0,0,0,0,0,1,0,1,1,0,0,1,0,0,0,1,0,0,0,0,0,0,2,0,0,2,0,0,1,0,0,2,0
116,1,0,1,0,1,0,1,0,1,1,2,1,0,1,0,0,0,1,2,6,0,0,4,1,0,3,1,0,0,3,2,1,2,2
123,0,0,0,0,0,0,0,0,0,0,0,0,1,0,0,0,0,0,2,2,3,5,1,0,1,3,1,1,1,0,3,0,0,2
127,3,5,3,0,5,1,2,2,3,0,10,3,0,2,0,0,5,2,12,4,0,1,1,2,3,2,0,0,1,1,0,1,4,2
128,2,1,2,0,0,2,0,1,0,1,2,0,1,1,1,0,0,0,1,1,0,0,0,2,0,0,0,0,0,2,0,0,2,1
129,0,0,0,0,0,1,0,1,1,1,1,0,0,0,0,0,0,0,0,1,1,0,0,2,0,0,0,0,0,0,0,0,0,0
132,0,1,1,1,2,0,1,1,1,0,0,0,1,2,0,0,1,1,2,1,0,0,0,0,0,1,2,0,0,1,0,0,1,0
133,1,0,1,2,2,1,5,5,3,3,6,1,4,1,2,2,2,4,7,4,3,1,2,0,1,0,1,0,0,0,0,0,0,0
134,0,1,1,0,1,1,0,0,0,0,0,1,0,1,0,0,0,0,0,0,0,0,0,0,1,0,0,0,0,0,0,0,0,0
142,2,1,0,0,4,2,0,2,4,3,1,1,0,2,0,0,1,0,3,3,4,4,2,1,0,3,1,1,0,1,2,1,0,1
146,0,0,0,0,1,0,0,1,3,1,0,1,0,0,0,0,0,0,0,0,0,0,0,3,0,0,0,0,0,1,0,1,0,0
149,0,2,1,0,1,1,1,3,3,0,1,0,0,2,1,0,0,0,3,0,1,0,2,1,0,0,2,0,1,0,0,1,0,3
151,1,0,0,2,0,0,1,0,1,2,0,0,0,0,2,0,0,0,0,0,1,2,1,0,0,0,0,0,0,0,1,0,0,1
159,4,2,0,0,0,1,1,4,1,1,2,0,0,5,0,0,0,0,1,0,1,1,1,0,0,1,0,0,1,0,0,0,0,0
163,0,0,0,0,0,0,0,0,1,0,0,0,0,0,0,0,0,1,0,0,1,1,0,1,0,0,0,0,0,0,1,1,2,0
165,1,0,0,0,0,0,2,0,0,2,1,1,0,3,0,0,0,1,0,0,1,0,0,0,1,1,0,1,0,0,0,0,1,1
171,2,5,2,1,4,1,0,0,0,0,1,1,0,0,0,0,0,0,0,0,0,0,0,0,0,0,0,0,0,0,0,0,0,0
174,0,2,0,0,0,0,1,2,2,0,1,0,0,0,1,0,1,1,0,0,0,0,0,1,0,1,0,0,0,0,0,0,0,0
224,0,0,9,0,0,4,0,1,0,0,0,0,0,1,0,1,0,1,0,0,2,2,2,2,2,0,0,2,1,0,3,1,3,3
226,0,0,1,2,1,1,1,2,2,1,2,0,0,0,2,1,1,1,1,1,0,0,0,1,3,1,2,0,3,1,1,1,1,1
235,0,1,3,1,0,0,2,1,1,3,0,0,0,0,1,0,0,0,0,0,1,0,0,0,0,0,1,0,0,0,0,2,1,1
236,0,0,0,1,0,0,0,0,0,0,0,1,0,0,0,1,1,0,0,0,1,0,1,1,0,0,1,0,0,0,0,0,2,0
238,3,0,0,2,0,1,0,1,0,2,0,1,0,0,0,0,1,0,0,0,0,3,0,0,0,1,2,2,0,2,0,1,2,1
252,1,0,0,0,1,1,0,1,1,1,0,0,2,0,2,0,0,0,0,0,0,0,1,0,0,0,0,0,0,1,0,0,0,0
269,1,1,1,1,1,1,1,3,0,1,2,1,0,2,0,0,0,0,0,1,1,0,3,0,1,0,0,0,0,0,2,1,1,0
270,0,0,0,1,0,0,0,0,0,1,1,1,1,0,0,1,0,0,0,2,0,5,3,0,0,0,0,0,4,1,0,2,0,1
271,1,0,1,0,0,0,0,2,2,3,10,2,3,3,0,0,0,0,0,0,0,2,6,10,0,4,2,0,1,0,0,4,1,2
276,4,1,2,0,3,0,1,1,1,2,1,0,0,0,1,0,0,0,4,1,0,1,1,0,1,1,1,0,0,0,0,2,0,1
277,0,1,0,0,0,1,2,1,5,1,0,0,1,0,0,1,0,0,1,2,1,2,1,0,0,0,0,0,0,0,1,1,1,1
298,0,1,1,0,0,0,0,0,1,0,0,0,1,0,0,1,1,0,3,2,0,1,1,0,0,1,1,1,0,0,0,2,0,0
310,0,0,1,0,0,0,0,0,1,2,1,1,1,0,0,1,0,0,0,0,0,2,0,0,0,0,0,0,0,0,0,0,0,1
311,1,0,0,0,0,0,0,0,0,0,0,0,1,1,0,0,0,0,1,0,0,0,1,0,0,1,2,2,1,2,0,4,0,0
317,3,1,0,0,0,0,1,2,0,0,0,0,0,0,1,1,0,3,4,0,0,1,0,0,1,1,0,2,1,1,2,1,0,0
323,0,1,1,0,0,0,1,0,0,1,1,0,0,0,0,0,0,0,0,0,1,0,0,0,0,0,0,1,0,0,0,0,0,0
324,2,0,0,0,0,0,2,2,0,1,0,1,1,0,0,0,0,0,0,0,0,2,0,1,0,0,1,1,0,0,0,0,0,0
327,1,0,1,1,1,0,1,1,0,1,0,2,2,0,0,0,0,3,2,2,2,0,1,0,0,0,1,0,1,0,1,2,0,1
328,2,1,2,0,1,2,0,0,1,0,1,1,0,1,1,1,3,0,1,0,1,1,0,0,3,1,2,2,0,1,3,0,2,1
332,0,0,0,0,0,0,0,1,0,0,0,0,0,0,0,0,0,0,1,1,1,0,1,0,0,0,0,0,0,0,1,0,0,1
333,0,0,0,0,0,1,1,1,1,0,1,0,1,0,0,0,0,0,0,0,1,0,0,0,0,0,0,0,1,0,0,0,0,0
334,0,0,0,0,1,0,0,1,0,0,0,1,0,0,1,0,1,0,0,0,0,0,0,1,1,0,0,0,0,0,2,0,0,1
335,0,6,1,0,1,0,5,0,1,4,6,8,1,10,0,0,0,0,1,0,0,0,0,0,0,0,2,0,0,0,1,1,0,0
337,0,0,0,0,0,0,1,0,0,1,0,0,2,0,0,0,0,0,0,0,1,1,0,1,0,0,2,0,0,0,0,0,1,0
338,1,1,2,0,1,1,2,1,1,0,0,0,0,0,0,0,1,0,1,0,1,0,0,0,0,2,6,1,0,0,1,2,1,0
339,11,4,1,17,6,4,1,2,1,10,0,2,0,0,1,0,1,0,0,0,0,0,0,0,0,1,1,1,0,0,2,3,3,0
343,1,0,2,0,0,7,0,0,0,0,1,6,0,2,0,0,0,1,1,0,0,0,0,0,0,0,0,0,1,0,0,0,0,0
345,0,0,0,1,2,0,0,1,1,0,0,0,0,0,1,0,0,1,1,1,2,0,1,0,1,0,2,0,1,1,0,0,1,1
348,0,1,0,0,0,0,0,0,0,0,0,1,0,1,0,0,0,0,0,1,0,0,0,0,2,0,1,0,1,0,0,1,1,0
349,1,0,2,0,2,0,0,0,2,0,0,1,0,0,0,0,0,0,0,0,1,2,0,1,0,1,0,0,0,1,2,0,1,0
351,0,0,0,0,1,0,0,1,2,0,0,0,0,1,0,0,0,0,0,0,2,1,1,0,0,0,0,0,0,0,0,0,1,0
355,2,1,0,0,0,0,0,0,0,1,0,0,0,0,0,0,0,0,0,0,0,0,1,0,0,0,0,1,0,0,0,0,1,1
375,3,0,1,2,0,3,0,1,3,4,1,6,8,6,2,0,4,0,1,0,1,0,1,0,0,0,1,1,1,1,1,1,1,1
376,1,0,1,0,1,0,1,0,0,0,0,1,0,0,0,0,1,0,0,0,0,2,0,2,1,0,1,0,0,0,0,0,1,0
378,2,2,0,1,0,0,0,4,0,0,1,3,4,2,1,1,0,1,2,0,0,1,2,2,4,0,1,2,0,1,0,0,1,3
384,0,2,0,0,1,0,1,0,2,2,1,2,0,0,1,0,0,0,0,0,0,0,0,0,2,2,0,1,2,1,1,1,1,2
385,0,0,0,1,0,6,2,1,1,8,7,3,0,6,1,1,0,0,1,2,1,1,1,1,1,2,1,6,1,0,2,2,0,0
389,0,0,0,0,0,0,0,0,1,0,0,0,0,0,1,0,0,1,0,1,1,1,2,0,0,3,1,0,0,0,1,0,1,0
390,1,0,1,1,1,0,0,0,0,1,0,0,0,0,0,0,0,0,0,1,0,3,2,1,0,0,0,0,0,0,1,1,1,1
393,6,0,0,0,0,0,1,1,0,0,0,0,0,1,0,0,0,0,0,0,0,0,0,1,0,0,1,0,0,0,1,1,1,3
394,0,0,0,1,1,2,1,0,0,1,1,0,0,0,1,0,0,0,0,0,2,3,0,0,0,0,0,0,0,0,0,0,4,1
401,2,3,3,0,1,1,2,2,0,2,4,1,2,0,0,0,0,1,2,0,1,2,0,0,2,1,1,2,1,2,1,2,0,1
402,1,10,0,0,2,0,1,0,5,1,0,0,0,1,1,1,0,1,2,0,3,0,1,0,0,1,3,2,0,0,0,1,0,0
404,1,0,0,1,0,1,0,0,2,0,1,0,0,0,0,1,1,0,0,1,0,0,1,0,0,0,0,0,0,0,1,0,0,0
409,0,0,0,0,0,1,1,3,1,5,1,1,2,1,3,0,0,0,0,1,3,2,2,0,1,0,0,1,1,1,1,0,6,5
412,0,0,0,0,0,0,0,0,1,1,0,0,1,0,0,0,0,0,0,0,1,0,2,0,0,0,0,1,1,0,0,0,1,0
416,1,0,0,0,0,1,1,0,5,2,0,0,0,0,1,0,0,0,0,0,1,2,0,0,0,1,1,0,0,0,0,0,0,0
417,2,1,0,0,0,0,0,1,0,0,0,0,0,0,0,0,0,0,1,1,0,0,0,1,0,0,2,0,0,0,0,0,0,0
426,0,0,0,0,0,0,0,0,0,1,0,0,1,0,1,0,0,0,0,0,0,0,0,0,0,3,0,1,1,0,0,1,1,0
431,1,0,1,0,0,0,0,1,0,1,4,3,1,1,0,0,1,0,1,1,1,1,0,0,1,6,0,0,1,0,1,0,0,0
440,0,0,6,0,0,0,0,0,1,0,1,0,0,0,0,0,0,1,0,0,2,0,0,0,0,1,0,0,1,0,1,0,0,0
444,0,1,1,0,0,0,0,1,1,1,2,0,1,0,0,0,1,0,1,0,0,1,0,2,0,1,0,0,1,1,0,1,2,0
451,0,0,0,1,0,0,0,0,0,0,0,1,0,1,1,0,0,0,0,1,1,0,0,0,0,2,0,0,0,0,0,0,1,4
454,0,0,0,0,0,0,0,0,1,1,0,0,0,0,0,1,0,0,1,0,1,0,0,0,0,0,0,0,0,0,1,1,1,0
455,0,2,0,0,0,2,0,1,1,0,1,2,2,10,1,0,1,1,0,1,1,4,0,0,2,3,1,0,0,0,0,3,0,0
456,0,2,0,0,0,1,0,3,0,0,0,2,0,2,0,1,1,3,0,1,2,1,0,3,0,1,2,2,1,1,2,0,0,1
458,0,0,0,0,0,0,3,0,0,1,1,3,2,0,0,0,0,2,1,1,1,1,0,0,0,0,0,0,1,0,1,1,1,0
459,0,1,0,0,0,0,0,0,1,0,0,0,0,0,1,0,0,3,0,1,0,0,0,0,1,0,0,0,0,1,0,0,0,0
460,0,1,0,2,2,1,2,1,4,1,0,3,1,0,1,0,0,2,2,0,2,1,1,2,0,0,1,2,1,0,4,0,1,3
462,1,0,0,0,0,0,1,3,1,2,2,1,0,0,1,0,0,0,1,0,2,2,0,0,0,0,0,0,0,0,0,1,0,0
463,2,1,0,0,0,1,1,1,0,0,0,2,0,0,0,0,0,0,0,0,1,0,0,0,0,0,0,0,0,0,0,0,1,0
476,1,1,0,0,1,0,1,0,0,0,1,1,1,0,0,1,1,0,4,3,1,2,1,3,2,3,2,2,2,1,3,2,4,2
487,0,0,0,1,0,0,1,3,2,1,1,2,1,0,2,1,2,1,2,3,1,1,1,3,0,2,1,0,0,1,0,1,1,0
488,1,3,1,0,1,1,2,0,0,1,0,3,3,0,0,3,2,2,2,4,0,3,0,1,2,1,0,0,0,0,1,0,2,0
489,0,1,4,0,0,0,1,0,1,1,0,0,0,0,1,0,0,0,0,1,0,1,0,0,0,2,0,0,0,0,0,0,0,0
492,0,1,0,1,0,0,0,0,0,1,2,0,1,0,0,0,0,0,0,0,1,1,1,0,2,0,0,0,1,0,0,0,0,0
496,0,0,1,0,0,0,0,0,0,0,0,0,2,1,0,0,1,1,1,0,0,0,1,0,0,1,0,0,0,0,1,0,2,3
500,0,0,0,0,0,0,2,0,0,0,0,2,1,0,0,0,0,0,1,0,1,1,2,0,0,0,1,0,0,0,0,0,0,1
503,3,1,1,1,1,0,2,0,0,1,2,0,3,1,1,1,0,1,1,2,5,5,1,0,1,1,1,0,0,1,0,0,1,0
507,0,0,0,0,1,0,1,0,1,1,0,0,2,5,0,0,1,0,0,0,0,0,1,0,0,0,1,0,0,0,0,0,0,0
516,0,0,0,0,0,0,0,0,2,0,0,0,0,0,1,0,0,1,0,0,1,0,0,0,0,0,0,0,0,1,1,0,1,0
520,0,3,1,1,0,1,1,1,1,2,0,0,3,0,3,0,0,2,1,0,0,0,2,1,0,3,1,1,0,0,2,0,1,2
521,0,1,0,0,0,0,0,0,0,2,1,0,0,0,1,0,1,1,1,1,0,0,0,0,1,1,0,0,0,1,2,0,0,0
528,2,2,0,2,2,5,3,4,2,6,0,2,2,1,1,2,0,0,2,0,0,4,1,0,1,1,2,3,0,1,0,0,2,0
529,1,2,0,2,0,1,2,0,2,0,0,2,1,0,2,0,0,1,2,0,0,1,0,1,1,0,0,0,0,0,1,0,0,0
531,1,0,1,0,0,0,1,0,3,4,0,0,0,0,1,0,1,0,0,0,1,0,0,0,0,0,0,0,0,0,1,0,0,0
545,0,0,0,0,0,0,0,1,1,2,0,1,0,1,0,1,0,0,0,0,0,0,0,0,1,0,0,0,0,0,0,0,1,0
546,1,1,1,1,0,0,0,0,0,0,0,0,0,0,0,0,0,2,4,5,0,0,2,1,0,0,0,1,0,0,0,0,0,0
547,0,1,1,0,0,0,0,1,1,0,0,0,0,0,0,0,0,0,0,1,0,0,0,1,1,0,0,0,0,0,0,0,0,0
560,0,0,0,3,2,0,4,3,2,2,1,3,0,3,3,2,3,0,0,0,1,0,0,3,2,0,0,0,0,0,2,0,2,0
561,1,1,1,3,1,1,0,1,0,2,0,2,0,0,1,0,2,0,0,0,2,0,1,0,2,0,1,0,1,0,1,2,1,2
562,4,0,2,2,0,4,2,0,1,1,1,2,0,0,1,0,3,3,0,0,5,2,0,1,1,2,1,1,0,2,2,1,2,1
563,0,0,0,0,2,1,6,2,0,0,1,2,0,1,1,0,0,0,0,1,0,1,0,1,0,5,4,1,0,2,2,0,1,1
564,0,1,0,0,1,0,2,0,0,1,0,1,0,0,0,0,0,0,0,2,0,0,0,0,0,1,1,0,0,1,0,0,0,0
565,0,0,1,0,0,0,0,0,1,0,1,0,0,0,0,0,0,0,2,1,1,2,1,1,0,0,0,0,0,0,0,0,1,0
586,0,0,0,0,0,0,0,1,3,0,0,1,0,2,0,0,0,0,0,0,1,0,3,0,0,1,0,0,0,0,0,0,0,0
592,4,3,0,1,0,0,0,0,0,0,0,1,0,0,0,0,0,0,1,0,0,0,0,0,0,0,0,0,0,1,0,0,0,1
597,2,1,1,0,2,0,0,0,2,2,0,2,2,2,2,0,3,0,2,3,3,4,1,2,2,0,2,0,1,3,4,0,1,1
602,0,2,2,0,1,0,0,2,3,3,0,2,1,2,1,2,1,2,3,3,0,2,0,0,2,1,1,0,2,2,0,0,1,2
613,0,0,0,0,0,0,0,0,0,0,0,0,1,0,1,0,0,0,1,0,1,0,0,1,0,0,0,0,0,0,0,1,0,1
626,3,1,1,0,1,2,3,0,1,1,0,1,1,1,0,0,1,0,0,0,0,0,1,1,2,1,1,0,4,3,1,0,0,0
628,0,0,1,0,1,0,0,0,0,2,0,0,0,0,0,0,0,0,0,1,1,0,1,0,0,0,1,0,0,0,0,1,0,0
633,3,1,1,1,0,1,2,1,5,3,3,1,0,1,1,2,0,1,1,0,3,0,2,0,0,1,1,1,0,1,0,1,1,0
637,1,1,0,1,1,1,1,0,0,2,0,1,0,2,0,0,0,4,0,3,0,3,3,2,0,1,1,0,2,1,0,2,3,0
646,0,0,3,4,0,0,2,0,2,2,1,3,0,0,4,0,1,2,1,0,1,3,3,1,3,2,2,9,11,8,9,3,1,5
652,0,2,1,0,1,1,0,3,1,0,0,0,0,0,2,0,0,0,0,0,0,0,1,0,2,1,0,1,1,1,3,0,0,1
653,0,0,0,0,0,0,0,0,0,0,1,0,1,0,0,0,1,1,0,0,0,0,0,0,0,1,0,0,0,2,1,0,0,1
662,0,0,1,1,1,1,2,1,2,0,1,0,1,0,0,4,3,2,3,1,2,0,1,2,0,0,2,2,3,1,0,0,0,2
668,2,3,0,0,0,1,0,0,0,3,0,1,1,0,1,0,0,1,1,0,0,3,0,1,0,0,0,0,0,0,0,0,1,7
681,1,1,1,0,1,0,0,0,0,0,1,1,0,0,0,0,0,0,0,0,0,1,0,2,0,0,0,0,0,1,0,0,0,2
686,0,2,4,0,2,0,1,1,3,1,3,1,1,1,0,0,0,0,1,5,2,3,0,9,3,0,0,1,0,1,1,3,4,6
691,0,0,0,0,0,0,2,0,0,1,0,0,0,0,0,0,0,0,0,0,1,0,2,0,0,0,1,0,1,0,0,0,0,1
693,1,2,0,0,2,3,4,0,0,2,0,1,1,2,1,0,0,0,1,2,1,0,2,2,1,1,0,1,1,1,2,2,4,0
694,1,0,0,2,2,0,1,1,3,0,1,0,0,0,0,0,1,0,0,0,0,0,0,0,0,0,0,0,0,0,0,0,0,0
695,1,0,0,0,0,0,0,0,3,0,0,1,0,1,1,0,0,0,5,0,1,0,0,0,1,1,0,0,1,0,1,1,0,0
696,0,0,0,2,0,2,0,0,1,0,0,0,0,0,0,0,1,0,0,0,1,2,0,0,1,0,0,0,1,0,1,0,2,1
704,0,0,0,0,0,0,1,0,0,0,1,2,1,1,0,0,0,0,0,0,0,0,0,2,0,0,1,0,0,0,0,0,0,0
714,0,0,0,0,0,0,0,0,0,0,0,0,1,0,0,0,0,0,0,1,0,0,1,2,0,1,0,0,0,1,0,0,0,1
715,0,0,1,0,1,0,0,1,0,0,0,0,0,0,0,0,0,0,0,0,1,0,0,0,0,0,0,0,0,0,0,1,1,1
717,1,2,0,0,1,0,0,1,0,1,3,3,1,3,3,2,0,2,1,0,0,1,3,2,3,1,5,0,0,0,2,1,1,0
728,0,0,1,0,0,0,0,1,2,0,0,0,0,0,0,2,0,0,0,0,0,0,0,0,0,0,0,1,0,0,1,0,1,0
735,0,0,0,0,0,1,2,0,0,1,0,0,0,0,1,0,0,0,0,0,0,0,0,2,0,0,0,1,0,2,2,0,0,0
745,0,1,0,0,0,2,0,0,0,0,0,2,0,2,0,0,0,0,1,0,0,1,2,0,0,1,1,0,0,1,1,0,2,1
760,0,0,3,0,1,1,1,2,0,11,3,0,0,1,2,3,1,4,2,10,150,25,2,1,0,0,0,1,3,4,15,34,3,2
761,6,0,0,6,0,13,6,0,6,6,6,6,6,6,0,6,6,0,0,12,12,0,0,6,0,0,6,0,0,6,0,0,18,7
771,1,0,0,0,0,0,1,4,1,0,0,0,2,0,1,0,2,0,0,0,0,0,0,0,0,0,1,0,2,0,3,1,0,0
773,0,0,2,0,0,0,1,0,1,2,1,1,1,1,2,0,0,1,1,1,1,0,0,0,1,0,1,0,0,2,0,0,0,0
777,2,0,0,0,0,0,1,0,1,3,2,4,1,8,0,1,1,0,1,2,1,2,1,2,2,0,1,0,5,1,0,1,1,0
779,0,0,0,0,0,0,0,0,0,1,0,0,1,0,1,0,0,0,0,0,3,0,1,1,1,1,0,0,0,0,0,1,0,0
782,1,2,3,0,0,2,1,3,0,3,0,0,0,0,1,1,1,0,0,0,0,2,1,2,3,1,1,0,1,1,0,1,4,1
783,0,0,1,0,0,0,0,1,1,0,0,0,0,0,0,0,0,0,0,0,0,0,1,0,0,0,0,0,0,1,2,1,0,1
784,0,1,0,0,1,0,0,0,1,0,0,0,0,0,0,0,0,0,0,0,0,1,1,0,0,0,1,0,0,0,0,0,1,0
788,0,0,0,0,0,0,0,0,0,0,0,0,0,4,1,0,0,1,0,1,1,1,0,1,0,2,1,0,1,1,1,2,1,0
798,0,2,0,0,1,1,1,0,0,3,0,0,1,1,2,0,0,1,1,1,1,0,1,1,0,1,2,0,0,1,1,5,2,1
806,0,1,0,0,0,0,4,1,1,2,4,3,2,2,1,0,1,0,0,1,0,1,0,0,0,0,1,1,0,0,0,2,0,0
807,0,0,0,0,0,1,0,0,0,0,0,0,0,1,1,0,3,2,0,0,0,0,0,0,1,2,1,0,1,0,1,0,1,0
813,1,0,0,0,1,0,0,1,0,2,0,0,0,0,0,0,2,2,0,0,0,2,0,0,0,0,0,0,0,0,0,0,2,0
814,1,0,2,0,0,1,0,0,0,3,0,0,0,0,0,0,3,0,0,0,0,0,1,0,0,0,0,0,0,0,0,1,1,0
815,2,1,1,1,0,0,3,2,2,0,0,2,0,0,1,0,0,0,0,0,0,0,0,0,0,0,0,1,0,0,0,0,0,1
816,1,0,1,0,1,1,1,1,2,0,0,0,0,1,0,0,0,0,0,0,0,0,1,1,2,0,1,0,0,0,0,2,0,1
826,0,1,0,1,0,0,2,0,0,2,1,0,1,0,0,0,1,0,0,1,0,1,1,1,0,1,1,0,2,1,3,0,0,3
827,0,0,0,0,1,0,0,0,0,1,1,0,0,1,0,0,0,0,1,0,2,2,1,3,1,0,0,0,0,0,0,0,0,0
839,0,0,0,0,0,0,0,0,0,0,0,0,0,0,4,1,2,1,3,7,2,2,4,6,1,1,3,0,5,3,1,0,4,3
840,9,6,2,3,4,10,8,3,3,0,1,0,0,7,1,0,1,0,0,0,0,0,0,0,4,1,1,0,1,0,0,0,0,0
844,7,0,2,0,1,1,0,3,1,1,4,3,4,1,2,0,2,1,0,0,1,1,0,0,1,2,0,2,1,1,1,0,0,0
877,0,0,0,0,0,0,0,0,0,0,0,0,0,1,1,0,1,0,0,1,0,1,1,2,1,1,0,0,1,0,1,0,0,0
883,0,1,0,0,0,1,1,0,0,0,0,0,0,0,0,0,0,0,0,1,1,4,0,0,0,0,1,0,0,0,2,1,0,0
884,1,1,0,0,1,4,2,0,1,1,4,3,2,0,1,0,4,1,0,1,1,6,0,2,1,3,1,2,1,1,0,0,5,6
903,0,2,1,0,2,2,3,2,1,1,2,1,1,0,0,0,0,1,1,0,1,1,1,1,0,1,0,0,1,1,0,1,1,1
904,0,0,1,1,0,0,2,0,2,0,0,0,1,0,2,1,0,0,2,0,0,0,1,0,1,1,0,0,0,0,1,4,3,0
910,0,0,0,0,0,0,1,2,0,0,0,0,0,0,0,0,0,3,0,0,0,0,1,0,0,3,1,0,0,0,0,0,0,1
911,1,0,0,0,1,0,1,0,0,0,2,0,0,0,0,0,0,0,0,1,0,0,1,0,0,0,1,0,0,0,0,0,1,1
916,0,0,1,0,0,1,0,2,1,2,3,1,3,2,3,0,0,1,0,0,0,2,1,0,0,1,0,0,0,1,0,1,1,0
935,0,0,0,0,0,0,0,0,0,0,0,0,0,0,0,0,0,0,0,0,0,0,2,0,6,2,4,0,3,0,0,1,0,5
946,40,0,0,8,24,16,0,24,8,7,8,8,30,14,0,0,0,0,24,0,9,0,16,0,0,0,0,0,0,0,0,0,0,0
969,1,0,0,0,0,0,2,0,0,0,1,1,0,4,0,1,0,0,2,2,0,0,0,1,1,1,0,0,0,0,0,1,1,1
972,0,1,1,0,0,0,0,0,0,0,2,5,8,1,0,0,8,3,2,1,2,1,4,4,25,28,8,0,7,0,11,3,26,28
988,0,0,0,0,0,0,2,0,0,0,0,0,1,0,0,0,0,0,0,1,0,0,1,1,1,0,0,0,0,0,0,0,0,2
996,0,2,2,0,0,1,0,0,3,1,0,0,0,1,0,0,1,0,0,0,0,0,1,0,0,0,1,0,0,0,1,0,0,0
1021,0,0,1,0,1,0,0,0,0,0,0,0,0,1,0,0,0,0,0,1,0,0,0,0,0,1,0,0,0,1,0,0,2,0
1029,0,1,1,0,0,0,0,1,1,0,0,0,0,0,0,0,1,0,0,0,1,0,0,0,0,4,1,0,0,0,0,0,0,1
1058,0,0,0,1,1,0,1,0,0,1,1,0,0,0,1,0,0,0,1,1,0,0,1,0,0,0,0,0,0,0,0,0,0,0
1113,1,0,0,0,1,1,3,0,2,1,0,1,0,1,0,0,1,1,0,1,1,2,1,1,0,0,0,0,0,0,0,0,0,0
1149,0,0,0,0,0,0,0,0,0,0,0,0,0,0,0,0,0,0,0,0,0,0,2,0,1,2,2,0,0,0,2,2,0,2
1204,0,0,0,0,1,0,1,0,0,0,0,0,0,0,0,0,0,0,1,0,1,1,0,0,0,0,0,0,1,1,0,0,2,2
1214,0,1,0,1,0,0,0,1,0,0,1,0,1,0,0,0,1,0,0,3,1,2,0,0,0,0,1,1,0,0,0,0,1,0
1217,0,0,0,0,0,0,0,0,0,0,0,0,0,3,0,0,0,1,2,0,0,2,0,1,0,0,0,0,2,0,0,0,0,1
1219,14,7,9,5,1,1,1,4,1,3,2,1,0,0,0,0,1,0,3,3,1,1,0,0,2,4,0,3,1,0,0,1,3,0
1220,0,0,0,0,0,0,1,0,1,0,3,0,4,1,1,0,4,7,3,2,1,0,5,8,0,3,1,0,2,1,0,2,0,0
1224,0,1,2,1,1,1,1,0,0,1,0,1,0,2,0,1,0,0,2,0,1,1,0,2,1,1,0,0,0,0,1,1,1,0
1226,0,0,1,2,0,0,1,1,2,0,0,2,1,0,1,0,0,2,1,0,2,0,0,0,0,0,0,0,0,0,0,0,0,0
1231,1,0,1,1,1,1,0,2,0,1,2,2,0,0,0,0,1,1,0,0,0,0,0,0,1,1,1,0,0,1,1,0,0,0
1236,1,1,1,1,1,0,0,0,0,0,1,0,7,0,3,2,1,1,2,2,2,3,1,2,1,0,1,0,1,0,1,1,1,0
1238,0,0,0,1,0,0,0,2,0,0,0,1,1,1,1,1,0,1,0,0,0,0,0,0,4,0,0,0,0,1,0,1,0,1
1240,0,0,1,1,1,0,3,1,0,0,1,0,0,0,0,0,1,0,1,1,0,0,1,0,0,0,0,0,0,0,0,0,0,0
1241,1,0,0,1,0,2,1,1,1,0,0,0,0,0,0,0,1,1,0,0,0,0,0,0,1,0,0,1,3,0,0,0,0,0
1250,1,1,0,0,1,1,0,0,0,0,0,0,0,0,0,0,0,0,0,0,0,2,0,2,0,1,0,0,0,0,0,0,0,0
1251,2,0,8,2,0,0,1,0,1,0,0,2,4,4,1,2,3,1,2,0,0,1,0,1,1,4,0,1,0,2,2,1,2,2
1258,0,2,0,0,2,0,0,0,1,0,0,0,0,2,0,0,0,0,0,0,0,1,0,1,0,0,0,0,1,0,0,0,0,0
1259,1,3,0,0,4,0,0,4,0,1,0,0,0,1,1,0,0,0,3,0,1,3,2,1,0,0,0,0,0,0,2,0,2,1
1261,1,4,5,1,0,0,1,2,2,4,0,1,1,2,0,0,2,0,2,2,1,4,1,3,2,0,2,0,1,0,3,3,2,0
1262,1,0,2,1,1,0,1,0,0,0,0,0,0,0,1,1,0,0,1,0,1,1,0,0,1,0,2,0,1,0,0,0,0,2
1263,1,3,0,1,1,0,0,2,0,0,0,0,0,0,0,0,0,0,1,0,0,1,0,0,0,0,1,0,0,0,1,1,0,0
1278,0,0,0,0,0,1,0,1,0,1,0,2,0,1,0,0,0,1,1,2,0,0,0,0,1,0,0,0,0,0,0,0,0,0
1281,0,0,1,0,1,0,0,0,0,0,0,0,0,0,0,0,1,1,0,0,0,0,0,0,0,1,0,1,0,0,1,0,1,0
1282,3,3,1,0,1,0,2,0,4,0,0,1,0,0,0,0,1,0,0,0,0,0,0,1,0,1,0,1,1,0,1,1,1,1
1283,1,1,0,0,0,0,0,0,0,1,0,1,0,0,0,0,0,1,0,1,0,0,1,0,0,0,0,0,0,0,0,0,0,2
1286,0,2,0,1,2,1,0,2,1,1,2,2,0,0,1,0,2,2,3,2,0,0,1,1,3,0,2,0,2,2,1,2,0,2
1290,3,4,1,1,0,0,0,0,2,0,0,0,0,0,2,0,2,1,1,0,1,0,2,0,0,1,0,1,1,0,2,0,0,0
1291,1,0,1,0,1,1,1,0,2,0,0,1,0,0,0,0,0,1,0,1,1,1,1,0,0,1,1,1,0,0,0,0,1,1
1299,0,1,0,0,1,0,0,3,0,1,2,1,0,0,0,0,0,0,0,0,0,0,0,1,0,0,0,0,1,0,0,0,0,0
1323,0,0,1,0,0,1,0,2,2,0,0,0,0,0,0,0,0,0,1,0,3,1,2,3,1,3,2,1,4,5,3,0,2,2
1324,0,0,2,1,1,0,2,2,2,0,0,0,0,0,0,0,0,0,0,0,3,0,0,1,0,6,2,4,1,5,5,3,2,0
1330,2,2,2,0,0,1,2,1,0,1,1,3,3,2,0,1,0,2,1,1,0,0,2,2,1,0,3,0,0,3,1,2,1,0
1331,1,0,0,0,0,0,0,0,0,2,0,0,0,0,1,0,0,0,0,0,0,1,1,1,0,1,0,0,0,0,1,1,2,1
1348,1,0,0,0,1,0,0,0,1,0,1,0,0,1,0,0,0,0,0,0,1,0,0,0,0,0,0,0,0,0,0,0,2,0
1349,1,0,0,0,2,0,0,0,2,1,0,0,0,0,0,0,1,1,0,0,0,0,0,0,0,1,0,0,0,0,0,0,0,0
1360,0,1,0,0,0,1,1,1,0,0,0,0,0,0,1,0,0,0,0,0,0,1,0,0,0,0,0,1,1,2,1,5,1,0
1364,5,1,0,0,0,0,0,2,0,0,0,0,1,3,2,1,10,2,2,0,1,1,0,2,2,4,4,1,0,0,0,0,0,0
1365,0,3,1,0,0,0,0,1,1,1,0,1,1,0,0,0,1,0,0,0,0,0,0,0,1,1,1,0,0,0,1,0,1,0
1366,0,0,0,0,0,1,0,0,0,0,0,0,0,0,0,0,0,0,0,2,1,0,1,0,0,0,1,0,0,1,0,0,0,4
1376,0,0,0,2,0,0,1,0,0,0,1,0,0,0,0,0,0,0,0,0,0,1,2,1,1,3,1,0,1,0,1,1,1,2
1377,4,0,0,0,1,0,0,3,0,0,1,0,2,3,1,0,2,1,4,2,0,1,0,0,0,1,0,1,2,2,1,0,1,0
1402,0,0,1,0,0,1,0,1,7,1,1,1,0,0,0,0,2,0,0,1,0,1,1,0,1,1,1,0,1,2,1,0,0,0
1423,0,0,1,0,0,0,0,0,0,0,0,0,0,0,0,0,0,0,0,0,1,0,0,1,0,0,2,1,4,1,0,1,2,1
1425,1,1,1,1,1,0,0,0,2,1,0,0,1,1,1,0,2,1,2,2,0,0,1,1,2,2,1,0,0,9,0,1,1,1
1433,0,0,0,0,0,0,0,0,0,1,2,2,1,1,2,0,2,0,2,0,0,0,1,0,0,0,0,0,0,3,1,4,0,1
1439,0,1,0,1,0,0,0,0,0,0,0,0,0,0,0,0,0,0,0,0,0,1,0,0,0,0,1,1,0,2,0,3,0,0
1442,0,0,0,0,0,0,0,0,0,0,0,1,0,0,0,0,0,1,0,0,0,1,0,0,0,0,1,1,1,0,2,1,0,0
1446,1,0,0,0,0,0,0,0,2,2,1,2,2,0,1,1,0,0,3,0,0,1,0,0,0,2,3,1,0,3,1,0,1,0
1451,2,0,0,0,0,0,1,0,0,0,3,0,0,0,0,0,0,0,0,3,0,0,0,1,0,3,2,0,1,1,0,1,2,1
1454,0,0,0,3,0,1,2,0,0,4,0,0,1,2,0,0,1,1,1,0,0,0,0,0,0,0,0,0,0,0,0,0,4,0
1457,0,0,0,0,0,0,0,0,0,0,0,0,0,0,0,0,0,1,1,1,0,1,0,1,1,0,1,0,0,0,0,0,1,0
1465,0,0,0,0,0,0,0,0,0,0,0,0,0,0,0,0,0,0,0,1,1,0,0,0,1,0,1,6,1,1,0,0,0,0
1471,1,0,0,0,2,0,0,4,1,1,1,1,1,1,0,1,0,1,0,0,0,0,0,0,0,1,0,2,2,4,1,4,0,0
1472,0,0,0,0,0,0,0,0,0,0,0,0,0,0,0,0,1,1,0,1,0,0,0,1,0,0,0,1,1,0,1,1,1,1
1474,1,2,0,0,2,1,3,1,1,3,1,1,0,3,0,1,1,2,2,3,3,1,0,1,2,2,0,0,0,1,1,1,0,1
1475,0,0,0,0,0,0,0,0,0,0,0,0,0,0,0,0,0,0,0,1,0,1,1,0,1,1,0,1,0,2,0,0,2,0
1477,0,0,2,1,1,1,1,0,1,0,2,0,0,1,0,1,1,1,2,3,1,3,0,0,0,0,0,1,3,0,1,1,0,0
1478,0,1,1,0,1,1,0,1,0,1,0,0,0,3,0,0,2,1,0,1,2,1,0,0,1,0,1,0,0,0,3,2,0,0
1479,3,1,2,0,1,0,0,0,1,1,0,0,0,2,2,0,0,0,1,0,1,1,0,2,0,3,1,0,2,1,1,1,2,0
1480,0,1,0,1,2,0,1,0,0,1,0,3,1,2,0,0,1,1,2,0,4,1,1,2,0,1,0,0,3,0,1,1,0,2
1505,3,0,1,0,0,1,1,1,1,0,0,0,0,2,2,1,1,2,0,2,3,1,0,1,2,1,0,1,0,1,0,1,1,4
1506,7,6,1,0,2,1,0,0,0,0,0,1,0,0,0,0,0,0,3,0,1,1,1,1,0,0,0,0,0,0,0,2,0,1
1511,0,1,0,0,0,1,0,1,0,1,1,1,0,2,1,0,0,0,1,0,0,0,0,2,2,1,2,1,1,0,0,0,1,0
1515,0,0,0,0,0,0,0,0,0,0,0,1,0,1,0,0,1,0,0,1,0,0,1,0,0,0,1,0,0,1,0,0,1,0
1516,2,1,0,1,2,1,2,0,0,0,1,0,0,3,1,1,0,0,0,0,1,0,2,0,0,3,0,0,0,0,0,0,0,1
1517,0,0,1,0,0,0,1,0,2,0,0,3,1,2,2,2,1,2,0,0,0,1,1,3,0,0,0,0,2,0,1,0,2,1
1519,1,0,0,1,0,1,1,0,0,0,0,1,1,0,0,0,0,2,0,0,0,0,1,0,1,0,0,0,0,0,0,0,0,1
1520,0,0,2,1,1,0,1,1,1,1,0,0,0,1,1,0,1,1,2,0,0,0,0,1,0,1,0,0,1,0,0,0,1,1
1521,0,0,1,1,0,0,2,1,0,2,1,1,0,0,0,1,0,0,0,0,0,0,1,0,1,0,3,0,0,0,0,0,0,0
1525,4,0,0,0,2,1,0,2,2,0,2,0,0,1,0,1,0,0,1,1,1,0,1,0,0,2,0,1,1,4,2,3,5,4
1529,0,0,0,0,0,1,0,1,1,0,0,0,1,0,0,1,0,0,0,0,0,0,0,1,0,0,0,1,0,0,0,0,0,0
1542,2,0,1,0,0,1,0,0,1,1,0,2,0,4,0,1,0,1,0,0,1,2,0,1,0,1,0,0,0,0,0,1,0,1
1573,3,2,2,8,3,2,1,1,3,1,0,3,0,4,3,0,0,0,0,1,1,2,0,2,0,1,1,0,0,0,2,0,1,1
1575,0,0,2,0,0,1,0,1,2,0,0,1,0,1,0,0,0,0,0,2,1,0,0,0,0,0,0,0,0,0,0,0,0,0
1576,1,1,0,0,0,0,0,0,1,0,0,0,0,1,0,0,0,0,0,0,0,1,0,1,0,1,0,1,2,1,0,0,0,0
1578,1,0,0,0,1,0,1,4,3,1,0,5,2,0,3,1,4,2,1,1,1,1,5,0,1,3,4,1,0,0,3,1,1,2
1635,29,8,0,0,0,2,1,0,0,1,0,0,0,1,0,0,0,0,0,0,1,0,1,1,0,3,2,1,1,0,0,0,0,0
1731,0,1,1,0,0,0,0,0,0,0,2,0,2,2,0,0,1,1,1,1,1,2,0,7,4,5,0,0,0,3,4,0,3,1
1812,1,0,0,1,0,3,1,0,0,0,0,0,0,0,0,0,0,1,1,0,1,0,0,0,0,0,0,0,0,0,0,1,0,0
1815,0,1,0,0,1,0,0,1,0,2,0,2,2,2,1,0,0,1,0,0,5,2,1,1,2,0,1,0,2,0,0,3,3,3
1824,0,0,1,1,0,0,0,1,0,0,1,0,3,1,0,2,0,0,0,0,2,1,0,1,0,0,1,0,1,0,1,0,0,2
1853,0,0,0,0,0,1,0,2,1,0,1,0,0,1,0,0,2,0,0,0,3,0,1,1,1,6,0,0,1,0,0,1,0,0
1855,1,3,1,0,0,3,0,0,0,0,0,1,0,0,1,0,1,0,0,0,0,0,1,0,0,0,5,0,0,2,0,0,1,0
1857,1,0,0,1,0,0,0,1,1,0,0,1,0,1,0,0,0,0,1,0,0,0,0,0,3,6,0,0,0,0,0,0,2,0
1911,0,0,1,1,1,3,0,2,0,0,0,4,0,1,0,4,0,1,1,0,3,2,2,0,0,0,1,0,0,0,1,1,1,0
1948,1,1,0,1,0,0,1,0,4,2,2,4,3,1,2,1,1,3,1,4,7,8,4,2,3,0,0,0,0,3,1,0,1,2
1992,0,0,0,1,1,0,0,0,0,0,0,0,0,0,0,1,0,1,0,0,1,0,0,0,0,1,0,0,0,0,0,1,0,0
2029,2,1,0,0,1,0,0,0,0,0,1,1,2,1,0,0,0,0,0,0,0,1,0,0,0,0,1,0,0,0,0,0,0,0
2114,0,1,0,1,1,1,1,1,1,1,0,2,0,0,0,0,0,0,1,2,2,1,0,0,1,1,1,0,0,0,0,1,1,1
2149,0,15,7,0,7,13,4,6,8,8,2,1,2,4,0,0,0,0,0,0,0,0,1,0,0,0,2,3,1,0,5,9,7,19
2150,0,0,0,1,0,0,0,0,0,1,0,0,0,0,1,0,2,0,0,0,0,0,0,0,0,2,0,0,1,0,1,2,1,2
2297,0,0,1,0,0,1,0,0,0,1,0,0,0,1,0,0,0,0,0,1,0,0,2,0,1,2,0,0,0,1,1,0,1,2
2299,0,0,0,0,0,0,0,0,0,0,0,0,0,0,0,0,1,0,0,1,0,1,1,1,0,0,0,0,0,0,0,0,1,1
2305,0,0,0,0,0,0,0,0,0,0,0,0,0,0,0,0,0,1,0,2,2,1,0,0,2,0,4,1,1,0,2,1,0,0
2317,0,0,0,0,0,0,0,0,0,0,0,0,0,0,0,0,0,0,1,0,0,0,0,0,1,0,1,0,1,2,0,0,1,3
2363,0,0,0,0,0,0,0,2,2,2,0,5,0,1,1,0,0,1,3,1,2,3,5,2,1,1,0,0,1,0,0,1,2,3
2365,0,0,0,0,0,0,0,0,0,0,0,0,0,0,0,0,0,1,0,3,2,1,0,3,2,5,2,1,0,0,0,0,1,0
2367,0,0,0,0,0,0,0,0,0,0,0,0,0,0,2,2,2,1,1,2,4,5,3,0,3,5,0,3,2,1,1,4,0,2
2372,0,0,0,0,0,0,0,0,0,0,0,0,0,0,1,1,0,1,3,0,0,1,1,2,0,1,1,2,2,0,0,1,7,2
2401,0,0,0,0,0,0,0,0,0,0,0,0,0,0,0,0,0,0,0,2,2,2,0,0,4,0,1,1,0,0,0,0,2,0
2411,0,0,0,0,0,0,0,0,0,0,0,0,0,0,0,0,0,1,1,0,1,0,1,1,0,2,0,0,0,0,0,1,2,1
2441,0,0,0,0,0,0,0,0,0,0,0,0,0,0,0,0,0,0,0,2,2,0,1,1,2,3,0,0,1,1,0,5,0,2
2721,0,1,0,1,0,0,0,0,0,0,0,0,0,0,0,0,0,0,0,0,0,2,0,0,0,1,0,0,1,0,0,2,2,0
2924,2,0,1,0,0,1,0,0,0,1,0,0,0,1,1,1,1,0,0,0,0,1,0,1,1,0,0,0,0,0,1,0,0,1
3620,1,3,1,1,1,0,1,1,1,0,2,0,0,1,3,1,1,2,1,1,0,1,1,1,0,2,1,0,0,0,0,1,1,1
3662,2,4,6,3,3,1,2,8,4,6,2,2,3,2,1,2,12,1,0,4,2,2,4,0,0,2,0,0,0,0,2,2,0,0
3892,0,0,0,0,0,0,0,0,0,1,5,1,0,0,0,0,0,0,0,1,0,0,0,1,1,0,1,0,0,0,0,0,2,0
4828,0,0,0,0,0,0,0,0,0,0,0,0,0,0,0,0,0,0,1,1,2,0,2,2,0,0,2,0,1,0,1,1,1,0
5052,0,0,0,0,0,0,0,0,0,0,0,0,0,0,0,0,0,0,0,0,0,2,0,5,6,5,2,0,1,2,2,0,0,0
5547,0,0,0,0,0,0,0,0,0,0,0,0,1,0,0,0,1,0,0,0,0,1,0,0,0,0,1,2,1,0,2,0,0,1
5588,0,0,0,0,0,0,0,0,0,0,0,0,0,0,0,0,1,1,0,1,0,1,0,1,0,2,0,0,1,0,1,2,0,0
5643,0,4,1,2,0,0,2,0,0,1,0,1,1,0,1,0,0,2,1,3,2,2,0,1,0,1,1,1,0,0,0,3,0,0
8876,0,1,0,0,0,0,1,0,0,0,0,1,1,0,0,0,1,2,0,1,0,0,0,1,0,0,0,0,1,0,0,0,1,1
8946,0,0,0,0,0,0,0,0,0,0,0,0,0,0,0,0,0,1,2,0,0,1,2,1,4,0,0,1,0,1,0,1,2,1
8986,0,0,0,1,3,3,4,2,4,3,4,5,0,0,1,1,0,0,3,1,0,0,0,0,1,1,0,0,0,0,0,0,0,0
9042,0,0,0,0,0,0,0,0,0,0,1,0,0,0,0,0,0,0,0,0,1,0,1,0,0,1,0,1,1,1,1,0,1,1
9193,1,0,0,1,1,0,0,0,1,1,1,0,0,1,0,0,0,0,0,0,0,0,0,1,0,0,0,0,0,0,0,0,0,0
9394,0,2,0,0,0,1,0,2,1,1,0,0,0,0,2,0,0,0,0,0,0,0,3,2,0,0,0,0,0,0,1,0,5,1
11332,1,1,0,0,1,1,2,0,3,0,2,2,0,2,2,1,0,1,0,0,2,0,0,0,0,1,0,0,0,0,0,0,1,1
11607,1,0,0,0,0,0,0,0,0,2,1,0,0,0,0,0,0,0,0,0,0,0,1,0,1,1,1,0,0,0,0,0,0,0
12171,3,1,0,0,1,0,1,0,4,0,2,1,0,1,2,0,0,2,0,0,0,2,2,2,0,0,0,1,0,1,1,2,1,0
12312,0,0,1,0,0,0,1,0,0,0,0,0,0,1,0,0,0,1,0,0,1,0,0,1,0,2,0,0,0,0,0,0,0,0
13079,0,0,0,1,3,5,1,1,3,0,1,0,0,2,1,0,0,0,1,0,0,0,0,0,0,0,0,0,0,0,0,0,0,0
13674,0,0,0,0,1,1,2,1,1,0,0,0,0,0,0,1,1,0,0,1,1,0,0,0,0,0,0,1,0,0,0,0,0,0
17667,0,0,0,0,0,0,0,0,2,0,2,1,1,2,1,0,3,3,2,1,0,2,7,1,0,1,2,0,0,2,3,0,1,4
18185,1,1,0,0,0,0,1,0,0,0,0,0,0,4,0,0,0,1,0,0,0,0,0,0,1,0,1,0,0,0,0,0,0,0
18607,4,2,0,0,2,2,4,3,2,1,2,0,0,1,0,0,0,1,1,0,0,1,1,0,0,0,1,0,0,0,0,0,0,0
19348,0,0,0,0,0,0,0,0,0,0,0,0,0,0,0,0,0,0,0,0,0,0,0,0,1,2,2,1,0,5,0,1,2,1
19354,0,0,0,0,0,0,0,0,0,1,0,0,0,1,2,0,0,0,0,0,0,0,0,0,0,2,0,0,0,0,0,1,3,4
19494,0,0,0,0,0,0,0,0,0,0,0,0,1,0,1,0,0,3,1,1,2,1,0,4,0,0,0,0,0,0,0,0,0,1
19801,0,0,0,0,0,0,1,0,0,0,0,0,0,0,0,1,2,0,1,0,1,0,0,0,0,4,1,0,2,0,3,3,3,1
20116,0,0,0,0,0,0,0,0,0,0,0,0,0,0,0,0,0,0,0,1,2,0,0,0,1,0,0,0,1,1,1,1,0,0
20862,0,0,0,0,0,0,0,0,0,1,0,0,0,0,0,0,1,0,0,1,0,0,0,0,0,1,2,0,0,0,1,1,0,0
20895,0,0,0,0,0,0,0,0,1,1,0,0,0,0,0,0,0,0,1,1,34,19,2,0,0,1,0,0,0,1,2,7,0,7
20910,0,0,1,0,0,0,1,3,3,2,7,3,0,2,0,0,2,1,0,5,9,10,4,3,2,1,7,6,0,4,4,1,2,6
21016,0,1,0,0,0,0,1,0,0,0,1,2,0,0,0,1,0,1,1,0,0,0,0,0,0,0,0,0,0,0,0,0,0,0
21062,0,0,0,0,0,2,1,1,0,1,0,0,0,0,0,0,0,0,0,0,0,2,0,0,0,0,0,0,0,1,1,2,2,0
21075,0,1,0,0,1,0,0,0,0,0,0,0,0,0,0,0,0,0,1,0,0,2,0,1,0,1,4,3,1,0,0,1,0,0
21087,0,0,0,0,0,0,0,0,0,6,6,0,0,0,0,0,0,0,6,0,0,12,6,0,12,6,0,0,0,0,0,0,12,0
21144,1,0,0,0,0,1,1,1,0,1,1,1,0,0,0,0,0,0,0,4,0,0,0,0,0,0,0,0,0,0,1,0,2,0
21257,0,0,0,0,2,2,0,0,0,0,1,1,0,1,1,0,0,0,0,0,0,1,0,1,0,1,0,0,0,0,0,0,8,9
21269,0,0,2,0,0,0,0,1,0,0,0,0,0,0,0,0,0,0,0,1,0,0,1,1,0,0,1,0,1,0,0,0,0,0
21300,2,0,1,2,3,2,5,0,1,0,1,0,1,0,1,0,0,1,2,2,0,2,0,0,0,0,0,2,0,1,0,0,0,0
21331,0,1,1,0,1,1,3,0,1,0,0,0,1,0,0,0,0,0,0,1,0,1,0,0,1,0,1,0,0,0,0,0,0,0
21377,0,2,2,3,3,0,3,8,1,2,6,0,3,1,3,0,2,1,0,0,1,1,0,1,1,1,0,0,1,3,0,1,0,0
21395,0,0,0,0,0,0,0,0,0,0,0,1,0,0,0,0,0,0,0,2,2,2,1,2,0,0,0,0,0,0,0,2,0,0
21434,1,0,2,0,0,0,1,0,0,1,1,0,0,0,0,2,0,1,0,0,0,1,0,0,0,1,0,1,1,5,4,2,2,1
21444,0,0,1,0,1,0,1,0,0,0,0,0,0,0,1,0,0,1,0,2,0,0,0,2,0,1,0,0,0,0,0,0,0,0
21474,0,1,2,0,0,2,1,0,0,1,1,0,0,4,0,0,0,0,4,1,7,1,0,2,1,0,0,0,4,1,1,1,2,1
21483,0,0,0,0,0,0,0,0,0,3,0,0,0,2,0,0,0,0,0,0,0,0,1,0,0,0,0,1,0,0,2,0,1,2
21587,0,1,1,0,0,0,2,2,1,2,3,0,0,2,2,0,0,0,0,0,0,0,2,2,0,0,0,0,0,0,0,0,0,0
21602,0,0,1,0,0,0,1,0,3,2,0,0,0,0,0,0,0,0,0,0,2,0,0,0,0,0,0,0,0,0,0,0,1,1
21619,1,0,4,0,1,0,1,1,0,0,0,0,0,0,2,0,2,0,0,0,1,0,0,0,0,0,0,0,0,2,1,0,0,0
21638,0,0,0,0,0,0,0,0,0,0,0,0,0,0,0,0,0,0,1,0,3,0,1,0,1,0,0,1,0,1,0,1,0,2
21643,0,0,0,0,0,1,0,1,0,0,0,0,0,1,0,2,0,0,0,0,0,0,0,0,2,0,0,0,0,0,0,0,2,6
21747,7,4,5,0,1,1,2,5,6,3,5,3,2,2,7,0,1,3,0,1,0,1,1,0,0,0,1,0,0,1,0,0,0,2
21842,3,1,1,4,1,2,1,1,2,2,1,1,0,0,1,0,0,0,0,0,0,0,0,2,0,0,7,0,0,0,1,1,0,1
21891,0,0,0,0,0,0,0,0,0,0,0,0,0,0,0,0,0,0,0,1,0,1,0,1,2,4,1,0,3,1,1,0,2,4
21909,0,1,2,0,0,0,1,0,0,0,0,0,0,0,0,0,0,0,0,0,1,1,0,0,1,1,0,1,1,0,1,0,0,0
21910,1,0,0,1,0,0,0,1,1,1,0,1,0,0,4,0,1,1,2,0,0,0,0,2,2,1,1,2,3,2,0,0,1,1
21913,0,0,0,0,0,0,0,1,0,0,1,0,0,0,0,0,0,0,2,3,1,0,1,0,0,0,0,0,0,1,2,2,6,0
21959,1,0,1,1,2,0,1,1,1,1,5,0,0,0,0,1,0,0,0,1,1,1,0,1,3,6,1,0,3,1,1,0,1,1
22128,0,0,0,0,0,0,0,0,0,0,0,1,1,4,0,1,3,1,0,4,1,1,1,0,0,0,0,0,2,0,0,0,0,0
22166,0,0,0,1,0,0,1,0,0,0,1,1,0,0,0,0,0,0,0,0,0,0,1,0,2,0,0,1,0,0,1,0,0,0
22176,0,0,0,1,0,0,0,1,0,0,0,0,0,0,0,1,0,1,0,0,1,0,0,0,0,0,0,2,0,1,1,0,0,1
22193,0,1,0,1,0,1,1,0,1,1,0,0,0,0,0,0,0,0,0,0,0,0,1,0,0,0,0,0,0,1,0,0,0,0
22219,1,1,0,0,0,0,0,2,2,1,1,0,2,0,0,0,1,0,1,3,0,0,0,1,0,0,0,0,0,2,0,0,0,0
22224,0,0,0,0,0,0,0,0,2,2,0,0,0,0,4,0,0,1,2,0,2,0,3,0,0,0,0,0,0,0,0,0,1,2
22289,3,1,4,1,4,2,6,3,0,1,8,6,4,4,3,0,0,3,0,0,2,0,2,2,0,3,3,1,1,0,0,0,1,0
22296,0,0,0,0,0,1,1,1,0,1,1,0,0,0,0,0,1,1,0,0,1,0,0,0,0,3,0,1,1,1,3,1,0,2
22405,1,6,0,0,4,0,3,2,2,1,1,1,0,1,0,0,0,0,1,0,1,0,0,1,0,1,0,0,0,0,0,0,1,0
22523,0,0,0,0,0,0,0,0,0,0,1,0,0,1,1,0,1,0,2,1,0,0,0,2,0,0,0,0,0,1,1,2,0,0
22602,0,0,0,0,0,1,0,0,1,2,2,1,1,2,0,0,2,0,2,2,2,5,0,1,0,1,0,0,2,1,1,2,0,3
22612,0,0,1,0,0,0,2,0,1,1,0,0,0,1,0,0,0,1,1,1,2,0,0,0,2,0,2,2,1,2,1,0,1,1
22646,1,0,0,0,0,1,1,0,1,1,0,0,0,0,0,0,0,0,1,0,0,1,1,1,0,0,1,0,0,1,0,0,0,2
22685,1,0,1,0,0,2,6,0,0,0,0,0,0,1,0,0,0,0,1,1,0,1,0,0,0,2,0,0,0,1,0,0,0,0
22704,0,1,0,0,0,0,0,0,0,0,1,0,0,0,0,0,1,0,0,0,0,1,1,1,0,0,1,0,0,0,0,1,0,0
22820,0,0,0,0,1,0,0,1,3,3,2,0,0,0,0,0,1,0,0,2,1,0,0,0,1,0,0,0,0,0,1,1,0,0
22829,0,2,1,1,2,0,3,1,4,1,0,0,0,5,0,1,2,1,2,12,1,2,2,1,1,0,1,0,0,7,0,4,0,1
22831,0,0,0,2,4,1,1,0,4,3,4,0,0,0,1,0,0,0,0,0,0,0,0,0,0,0,0,0,0,0,0,0,0,0
22914,1,2,0,0,0,0,0,2,2,1,0,1,0,0,0,0,1,0,0,1,2,0,1,1,0,0,0,3,1,1,0,2,4,1
22942,5,0,1,0,2,0,2,1,1,0,0,0,0,1,0,2,0,1,1,0,0,0,0,0,0,0,2,3,1,0,0,0,2,0
22947,7,5,1,0,3,3,2,0,6,5,0,1,2,0,0,0,0,1,2,1,1,0,0,1,0,0,0,0,1,0,0,0,0,0
22948,0,5,4,1,1,0,2,6,3,7,1,4,4,3,0,0,2,1,0,3,0,1,1,2,0,2,0,0,0,0,0,0,0,0
22980,0,0,4,4,2,6,1,4,5,0,4,0,0,0,0,0,4,4,0,0,0,0,1,0,0,0,0,0,2,0,0,0,0,0
31807,0,0,0,0,0,0,1,1,0,0,0,1,0,0,1,1,1,0,1,0,1,1,0,1,1,0,2,1,0,2,2,2,4,0
86034,0,0,0,0,0,0,0,0,0,0,0,0,0,0,0,0,0,0,0,1,1,0,0,0,3,0,0,1,1,0,0,0,2,2
95827,0,0,0,0,0,0,0,0,0,1,1,0,0,0,0,0,0,0,0,0,0,6,0,0,0,0,2,0,1,2,4,0,0,4
182677,0,0,0,0,0,0,0,0,0,0,0,0,0,0,0,0,0,0,0,2,0,1,0,1,2,1,2,0,1,0,0,2,2,0
183715,0,0,0,0,0,0,0,0,0,0,0,0,0,0,1,0,0,0,0,0,0,0,0,3,0,3,5,0,2,3,3,2,2,3
183978,0,0,0,0,0,0,0,0,0,0,0,0,0,0,0,0,0,0,0,0,0,1,1,2,0,0,2,0,1,1,0,1,0,1
300047,0,0,0,0,0,0,0,0,0,0,0,0,0,0,0,0,0,0,0,0,0,1,0,0,1,0,3,1,3,2,1,0,1,0
304126,0,0,0,0,0,0,1,2,1,0,0,0,0,0,2,1,0,0,0,0,0,1,0,0,1,3,2,0,0,0,0,0,0,0
304130,2,1,0,0,0,1,0,0,1,0,0,0,1,0,0,0,0,0,0,0,1,0,0,0,0,1,3,0,0,1,0,0,0,0
304650,0,0,0,0,0,0,0,0,0,0,0,0,0,0,0,0,0,0,1,1,5,8,6,1,0,0,0,0,0,0,0,0,0,1
306176,0,0,0,0,0,0,0,0,0,0,0,0,0,0,0,0,0,0,0,0,3,0,8,3,0,3,2,1,5,6,2,2,4,2
308288,0,0,0,0,0,0,0,0,0,0,0,0,0,0,0,0,0,0,3,0,2,1,2,1,1,1,1,1,0,1,0,1,0,0
313227,3,4,2,2,2,2,0,0,0,0,0,0,0,0,0,1,2,3,1,0,1,0,0,1,1,1,4,1,4,4,0,3,3,2
345034,0,0,0,0,0,0,2,0,0,1,1,2,0,1,0,0,0,0,0,1,0,0,0,0,0,0,0,0,0,0,1,1,0,0
366707,0,0,0,0,0,0,0,0,0,1,0,0,0,2,1,0,0,2,0,1,2,1,1,2,0,0,0,0,0,0,0,1,0,0
368844,0,0,0,0,0,0,0,0,0,0,0,0,0,0,0,0,0,0,1,1,4,3,0,2,1,0,1,0,4,0,3,2,0,2
453567,0,0,0,0,0,1,0,0,0,0,0,0,0,1,0,0,1,0,0,0,2,0,1,0,1,2,0,0,0,0,0,0,1,1
454860,0,0,0,0,0,0,0,0,0,0,0,1,1,0,0,0,0,0,0,0,0,0,1,0,0,0,0,0,1,0,1,1,0,1
454923,0,0,0,0,0,0,1,0,0,0,1,0,0,0,0,1,0,0,0,1,1,0,1,0,2,0,0,1,0,0,0,2,0,4
457498,0,0,0,0,0,0,0,0,0,0,2,0,0,0,3,0,0,1,1,8,32,6,2,1,1,0,7,2,2,3,0,0,1,1
461185,0,0,0,0,0,0,0,0,0,0,0,0,0,0,0,0,0,0,0,0,2,1,0,1,0,0,8,0,1,1,0,0,1,0
461225,0,0,0,0,0,0,0,0,0,0,0,0,0,0,2,0,0,0,0,0,1,0,1,2,1,8,1,0,0,0,1,0,0,0
461609,0,0,0,0,0,0,0,0,0,0,0,0,0,0,0,0,0,0,0,0,0,0,0,0,2,2,1,5,2,2,1,0,0,1
466337,0,0,0,0,0,0,0,0,1,0,1,0,0,0,1,2,0,1,0,0,0,2,0,1,0,0,0,0,0,0,1,2,0,0
474169,0,0,0,0,0,0,0,0,0,0,0,0,0,0,0,0,0,1,0,1,0,0,0,2,0,0,0,0,0,0,4,1,2,1
478285,0,0,0,0,1,0,0,0,1,2,3,1,0,3,4,1,1,1,0,3,3,1,1,1,0,0,1,2,1,1,0,0,1,2
480026,0,0,0,0,0,0,0,0,0,0,0,0,0,0,0,0,1,0,0,0,0,0,0,0,1,0,1,0,3,2,2,0,0,2
527577,0,0,0,0,0,0,0,0,0,0,0,0,0,5,3,1,2,7,11,2,4,6,8,2,1,2,1,0,0,1,2,1,4,4
527620,0,0,0,0,0,0,0,0,0,0,0,0,0,0,1,0,0,4,1,2,2,0,0,2,0,1,0,0,4,1,2,3,2,3
527729,0,0,0,0,0,0,0,0,0,0,0,0,0,0,3,2,2,2,2,1,0,1,3,5,4,6,1,3,5,1,2,6,2,2
